{
  "image_points": [
    [
      212.3125996810207,
      768.6124401913876
    ],
    [
      843.1259968102073,
      748.1977671451356
    ],
    [
      187.81499202551834,
      117.38437001594896
    ],
    [
      843.1259968102073,
      115.34290271132376
    ]
  ],
  "robot_points": [
    [
      -9.0,
      6.0
    ],
    [
      9.0,
      6.0
    ],
    [
      -9.0,
      27.0
    ],
    [
      9.0,
      27.0
    ]
  ],
  "homography": [
    [
      0.02666275102390717,
      -0.0004939840293875625,
      -13.81670144263485
    ],
    [
      -0.0012931021703914093,
      -0.03206100804196456,
      30.607394775832006
    ],
    [
      -4.4364458655902094e-05,
      -5.488711437639674e-05,
      1.0
    ]
  ]
}